image,ocr_text,label
meme_0.jpg,,
meme_1.jpg,,
meme_10.jpg,,
meme_100.jpg,,
meme_101.jpg,,
meme_102.jpg,,
meme_103.jpg,,
meme_104.jpg,,
meme_105.jpg,,
meme_106.jpg,,
meme_107.jpg,,
meme_108.jpg,,
meme_109.jpg,,
meme_11.jpg,,
meme_110.jpg,,
meme_111.jpg,,
meme_112.jpg,,
meme_113.jpg,,
meme_114.jpg,,
meme_115.jpg,,
meme_116.jpg,,
meme_117.jpg,,
meme_118.jpg,,
meme_119.jpg,,
meme_12.jpg,,
meme_120.jpg,,
meme_121.jpg,,
meme_122.jpg,,
meme_123.jpg,,
meme_124.jpg,,
meme_125.jpg,,
meme_126.jpg,,
meme_127.jpg,,
meme_128.jpg,,
meme_129.jpg,,
meme_13.jpg,,
meme_130.jpg,,
meme_131.jpg,,
meme_132.jpg,,
meme_133.jpg,,
meme_134.jpg,,
meme_135.jpg,,
meme_136.jpg,,
meme_137.jpg,,
meme_138.jpg,,
meme_139.jpg,,
meme_14.jpg,,
meme_140.jpg,,
meme_141.jpg,,
meme_142.jpg,,
meme_143.jpg,,
meme_144.jpg,,
meme_145.jpg,,
meme_146.jpg,,
meme_147.jpg,,
meme_148.jpg,,
meme_149.jpg,,
meme_15.jpg,,
meme_150.jpg,,
meme_151.jpg,,
meme_152.jpg,,
meme_153.jpg,,
meme_154.jpg,,
meme_155.jpg,,
meme_156.jpg,,
meme_157.jpg,,
meme_158.jpg,,
meme_159.jpg,,
meme_16.jpg,,
meme_160.jpg,,
meme_161.jpg,,
meme_162.jpg,,
meme_163.jpg,,
meme_164.jpg,,
meme_165.jpg,,
meme_166.jpg,,
meme_167.jpg,,
meme_168.jpg,,
meme_169.jpg,,
meme_17.jpg,,
meme_170.jpg,,
meme_171.jpg,,
meme_172.jpg,,
meme_173.jpg,,
meme_174.jpg,,
meme_175.jpg,,
meme_176.jpg,,
meme_177.jpg,,
meme_178.jpg,,
meme_179.jpg,,
meme_18.jpg,,
meme_180.jpg,,
meme_181.jpg,,
meme_182.jpg,,
meme_183.jpg,,
meme_184.jpg,,
meme_185.jpg,,
meme_186.jpg,,
meme_187.jpg,,
meme_188.jpg,,
meme_189.jpg,,
meme_19.jpg,,
meme_190.jpg,,
meme_191.jpg,,
meme_192.jpg,,
meme_193.jpg,,
meme_194.jpg,,
meme_195.jpg,,
meme_196.jpg,,
meme_197.jpg,,
meme_198.jpg,,
meme_199.jpg,,
meme_2.jpg,,
meme_20.jpg,,
meme_200.jpg,,
meme_201.jpg,,
meme_202.jpg,,
meme_203.jpg,,
meme_204.jpg,,
meme_205.jpg,,
meme_206.jpg,,
meme_207.jpg,,
meme_208.jpg,,
meme_209.jpg,,
meme_21.jpg,,
meme_210.jpg,,
meme_211.jpg,,
meme_212.jpg,,
meme_213.jpg,,
meme_214.jpg,,
meme_215.jpg,,
meme_216.jpg,,
meme_217.jpg,,
meme_218.jpg,,
meme_219.jpg,,
meme_22.jpg,,
meme_220.jpg,,
meme_221.jpg,,
meme_222.jpg,,
meme_223.jpg,,
meme_224.jpg,,
meme_225.jpg,,
meme_226.jpg,,
meme_227.jpg,,
meme_228.jpg,,
meme_229.jpg,,
meme_23.jpg,,
meme_230.jpg,,
meme_231.jpg,,
meme_232.jpg,,
meme_233.jpg,,
meme_234.jpg,,
meme_235.jpg,,
meme_236.jpg,,
meme_237.jpg,,
meme_238.jpg,,
meme_239.jpg,,
meme_24.jpg,,
meme_240.jpg,,
meme_241.jpg,,
meme_242.jpg,,
meme_243.jpg,,
meme_244.jpg,,
meme_245.jpg,,
meme_246.jpg,,
meme_247.jpg,,
meme_248.jpg,,
meme_249.jpg,,
meme_25.jpg,,
meme_250.jpg,,
meme_251.jpg,,
meme_252.jpg,,
meme_253.jpg,,
meme_254.jpg,,
meme_255.jpg,,
meme_256.jpg,,
meme_257.jpg,,
meme_258.jpg,,
meme_259.jpg,,
meme_26.jpg,,
meme_260.jpg,,
meme_261.jpg,,
meme_262.jpg,,
meme_263.jpg,,
meme_264.jpg,,
meme_265.jpg,,
meme_266.jpg,,
meme_267.jpg,,
meme_268.jpg,,
meme_269.jpg,,
meme_27.jpg,,
meme_270.jpg,,
meme_271.jpg,,
meme_272.jpg,,
meme_273.jpg,,
meme_274.jpg,,
meme_275.jpg,,
meme_276.jpg,,
meme_277.jpg,,
meme_278.jpg,,
meme_279.jpg,,
meme_28.jpg,,
meme_280.jpg,,
meme_281.jpg,,
meme_282.jpg,,
meme_283.jpg,,
meme_284.jpg,,
meme_285.jpg,,
meme_286.jpg,,
meme_287.jpg,,
meme_288.jpg,,
meme_289.jpg,,
meme_29.jpg,,
meme_290.jpg,,
meme_291.jpg,,
meme_292.jpg,,
meme_293.jpg,,
meme_294.jpg,,
meme_295.jpg,,
meme_296.jpg,,
meme_297.jpg,,
meme_298.jpg,,
meme_299.jpg,,
meme_3.jpg,,
meme_30.jpg,,
meme_300.jpg,,
meme_301.jpg,,
meme_302.jpg,,
meme_303.jpg,,
meme_304.jpg,,
meme_305.jpg,,
meme_306.jpg,,
meme_307.jpg,,
meme_308.jpg,,
meme_309.jpg,,
meme_31.jpg,,
meme_310.jpg,,
meme_311.jpg,,
meme_312.jpg,,
meme_313.jpg,,
meme_314.jpg,,
meme_315.jpg,,
meme_316.jpg,,
meme_317.jpg,,
meme_318.jpg,,
meme_319.jpg,,
meme_32.jpg,,
meme_320.jpg,,
meme_321.jpg,,
meme_322.jpg,,
meme_323.jpg,,
meme_324.jpg,,
meme_325.jpg,,
meme_326.jpg,,
meme_327.jpg,,
meme_328.jpg,,
meme_329.jpg,,
meme_33.jpg,,
meme_330.jpg,,
meme_331.jpg,,
meme_332.jpg,,
meme_333.jpg,,
meme_334.jpg,,
meme_335.jpg,,
meme_336.jpg,,
meme_337.jpg,,
meme_338.jpg,,
meme_339.jpg,,
meme_34.jpg,,
meme_340.jpg,,
meme_341.jpg,,
meme_342.jpg,,
meme_343.jpg,,
meme_344.jpg,,
meme_345.jpg,,
meme_346.jpg,,
meme_347.jpg,,
meme_348.jpg,,
meme_349.jpg,,
meme_35.jpg,,
meme_350.jpg,,
meme_351.jpg,,
meme_352.jpg,,
meme_353.jpg,,
meme_354.jpg,,
meme_355.jpg,,
meme_356.jpg,,
meme_357.jpg,,
meme_358.jpg,,
meme_359.jpg,,
meme_36.jpg,,
meme_360.jpg,,
meme_361.jpg,,
meme_362.jpg,,
meme_363.jpg,,
meme_364.jpg,,
meme_365.jpg,,
meme_366.jpg,,
meme_367.jpg,,
meme_368.jpg,,
meme_369.jpg,,
meme_37.jpg,,
meme_370.jpg,,
meme_371.jpg,,
meme_372.jpg,,
meme_373.jpg,,
meme_374.jpg,,
meme_375.jpg,,
meme_376.jpg,,
meme_377.jpg,,
meme_378.jpg,,
meme_379.jpg,,
meme_38.jpg,,
meme_380.jpg,,
meme_381.jpg,,
meme_382.jpg,,
meme_383.jpg,,
meme_384.jpg,,
meme_385.jpg,,
meme_386.jpg,,
meme_387.jpg,,
meme_388.jpg,,
meme_389.jpg,,
meme_39.jpg,,
meme_390.jpg,,
meme_391.jpg,,
meme_392.jpg,,
meme_393.jpg,,
meme_394.jpg,,
meme_395.jpg,,
meme_396.jpg,,
meme_397.jpg,,
meme_398.jpg,,
meme_399.jpg,,
meme_4.jpg,,
meme_40.jpg,,
meme_400.jpg,,
meme_401.jpg,,
meme_402.jpg,,
meme_403.jpg,,
meme_404.jpg,,
meme_405.jpg,,
meme_406.jpg,,
meme_407.jpg,,
meme_408.jpg,,
meme_409.jpg,,
meme_41.jpg,,
meme_410.jpg,,
meme_411.jpg,,
meme_412.jpg,,
meme_413.jpg,,
meme_414.jpg,,
meme_415.jpg,,
meme_416.jpg,,
meme_417.jpg,,
meme_418.jpg,,
meme_419.jpg,,
meme_42.jpg,,
meme_420.jpg,,
meme_421.jpg,,
meme_422.jpg,,
meme_423.jpg,,
meme_424.jpg,,
meme_425.jpg,,
meme_426.jpg,,
meme_427.jpg,,
meme_428.jpg,,
meme_429.jpg,,
meme_43.jpg,,
meme_430.jpg,,
meme_431.jpg,,
meme_432.jpg,,
meme_433.jpg,,
meme_434.jpg,,
meme_435.jpg,,
meme_436.jpg,,
meme_437.jpg,,
meme_438.jpg,,
meme_439.jpg,,
meme_44.jpg,,
meme_440.jpg,,
meme_441.jpg,,
meme_442.jpg,,
meme_443.jpg,,
meme_444.jpg,,
meme_445.jpg,,
meme_446.jpg,,
meme_447.jpg,,
meme_448.jpg,,
meme_449.jpg,,
meme_45.jpg,,
meme_450.jpg,,
meme_451.jpg,,
meme_452.jpg,,
meme_453.jpg,,
meme_454.jpg,,
meme_455.jpg,,
meme_456.jpg,,
meme_457.jpg,,
meme_458.jpg,,
meme_459.jpg,,
meme_46.jpg,,
meme_460.jpg,,
meme_461.jpg,,
meme_462.jpg,,
meme_463.jpg,,
meme_464.jpg,,
meme_465.jpg,,
meme_466.jpg,,
meme_467.jpg,,
meme_468.jpg,,
meme_469.jpg,,
meme_47.jpg,,
meme_470.jpg,,
meme_471.jpg,,
meme_472.jpg,,
meme_473.jpg,,
meme_474.jpg,,
meme_475.jpg,,
meme_476.jpg,,
meme_477.jpg,,
meme_478.jpg,,
meme_479.jpg,,
meme_48.jpg,,
meme_480.jpg,,
meme_481.jpg,,
meme_482.jpg,,
meme_483.jpg,,
meme_484.jpg,,
meme_485.jpg,,
meme_486.jpg,,
meme_487.jpg,,
meme_488.jpg,,
meme_489.jpg,,
meme_49.jpg,,
meme_490.jpg,,
meme_491.jpg,,
meme_492.jpg,,
meme_493.jpg,,
meme_494.jpg,,
meme_495.jpg,,
meme_496.jpg,,
meme_497.jpg,,
meme_498.jpg,,
meme_499.jpg,,
meme_5.jpg,,
meme_50.jpg,,
meme_500.jpg,,
meme_501.jpg,,
meme_502.jpg,,
meme_503.jpg,,
meme_504.jpg,,
meme_505.jpg,,
meme_506.jpg,,
meme_507.jpg,,
meme_508.jpg,,
meme_509.jpg,,
meme_51.jpg,,
meme_510.jpg,,
meme_511.jpg,,
meme_512.jpg,,
meme_513.jpg,,
meme_514.jpg,,
meme_515.jpg,,
meme_516.jpg,,
meme_517.jpg,,
meme_518.jpg,,
meme_519.jpg,,
meme_52.jpg,,
meme_520.jpg,,
meme_521.jpg,,
meme_522.jpg,,
meme_523.jpg,,
meme_524.jpg,,
meme_525.jpg,,
meme_526.jpg,,
meme_527.jpg,,
meme_528.jpg,,
meme_529.jpg,,
meme_53.jpg,,
meme_530.jpg,,
meme_531.jpg,,
meme_532.jpg,,
meme_533.jpg,,
meme_534.jpg,,
meme_535.jpg,,
meme_536.jpg,,
meme_537.jpg,,
meme_538.jpg,,
meme_539.jpg,,
meme_54.jpg,,
meme_540.jpg,,
meme_541.jpg,,
meme_542.jpg,,
meme_543.jpg,,
meme_544.jpg,,
meme_545.jpg,,
meme_546.jpg,,
meme_547.jpg,,
meme_548.jpg,,
meme_549.jpg,,
meme_55.jpg,,
meme_550.jpg,,
meme_551.jpg,,
meme_552.jpg,,
meme_553.jpg,,
meme_554.jpg,,
meme_555.jpg,,
meme_556.jpg,,
meme_557.jpg,,
meme_558.jpg,,
meme_559.jpg,,
meme_56.jpg,,
meme_560.jpg,,
meme_561.jpg,,
meme_562.jpg,,
meme_563.jpg,,
meme_564.jpg,,
meme_565.jpg,,
meme_566.jpg,,
meme_567.jpg,,
meme_568.jpg,,
meme_569.jpg,,
meme_57.jpg,,
meme_570.jpg,,
meme_571.jpg,,
meme_572.jpg,,
meme_573.jpg,,
meme_574.jpg,,
meme_575.jpg,,
meme_576.jpg,,
meme_577.jpg,,
meme_578.jpg,,
meme_579.jpg,,
meme_58.jpg,,
meme_580.jpg,,
meme_581.jpg,,
meme_582.jpg,,
meme_583.jpg,,
meme_584.jpg,,
meme_585.jpg,,
meme_586.jpg,,
meme_587.jpg,,
meme_588.jpg,,
meme_589.jpg,,
meme_59.jpg,,
meme_590.jpg,,
meme_591.jpg,,
meme_592.jpg,,
meme_593.jpg,,
meme_594.jpg,,
meme_595.jpg,,
meme_596.jpg,,
meme_597.jpg,,
meme_598.jpg,,
meme_599.jpg,,
meme_6.jpg,,
meme_60.jpg,,
meme_600.jpg,,
meme_601.jpg,,
meme_602.jpg,,
meme_603.jpg,,
meme_604.jpg,,
meme_605.jpg,,
meme_606.jpg,,
meme_607.jpg,,
meme_608.jpg,,
meme_609.jpg,,
meme_61.jpg,,
meme_610.jpg,,
meme_611.jpg,,
meme_612.jpg,,
meme_613.jpg,,
meme_614.jpg,,
meme_615.jpg,,
meme_616.jpg,,
meme_617.jpg,,
meme_618.jpg,,
meme_619.jpg,,
meme_62.jpg,,
meme_620.jpg,,
meme_621.jpg,,
meme_622.jpg,,
meme_623.jpg,,
meme_624.jpg,,
meme_625.jpg,,
meme_626.jpg,,
meme_627.jpg,,
meme_628.jpg,,
meme_629.jpg,,
meme_63.jpg,,
meme_630.jpg,,
meme_631.jpg,,
meme_632.jpg,,
meme_633.jpg,,
meme_634.jpg,,
meme_635.jpg,,
meme_636.jpg,,
meme_637.jpg,,
meme_638.jpg,,
meme_639.jpg,,
meme_64.jpg,,
meme_640.jpg,,
meme_641.jpg,,
meme_642.jpg,,
meme_643.jpg,,
meme_644.jpg,,
meme_645.jpg,,
meme_646.jpg,,
meme_647.jpg,,
meme_648.jpg,,
meme_649.jpg,,
meme_65.jpg,,
meme_650.jpg,,
meme_651.jpg,,
meme_652.jpg,,
meme_653.jpg,,
meme_654.jpg,,
meme_655.jpg,,
meme_656.jpg,,
meme_657.jpg,,
meme_658.jpg,,
meme_659.jpg,,
meme_66.jpg,,
meme_660.jpg,,
meme_661.jpg,,
meme_662.jpg,,
meme_663.jpg,,
meme_664.jpg,,
meme_665.jpg,,
meme_666.jpg,,
meme_667.jpg,,
meme_668.jpg,,
meme_669.jpg,,
meme_67.jpg,,
meme_670.jpg,,
meme_671.jpg,,
meme_672.jpg,,
meme_673.jpg,,
meme_674.jpg,,
meme_675.jpg,,
meme_676.jpg,,
meme_677.jpg,,
meme_678.jpg,,
meme_679.jpg,,
meme_68.jpg,,
meme_680.jpg,,
meme_681.jpg,,
meme_682.jpg,,
meme_683.jpg,,
meme_684.jpg,,
meme_685.jpg,,
meme_686.jpg,,
meme_687.jpg,,
meme_688.jpg,,
meme_689.jpg,,
meme_69.jpg,,
meme_690.jpg,,
meme_691.jpg,,
meme_692.jpg,,
meme_693.jpg,,
meme_694.jpg,,
meme_695.jpg,,
meme_696.jpg,,
meme_697.jpg,,
meme_698.jpg,,
meme_699.jpg,,
meme_7.jpg,,
meme_70.jpg,,
meme_700.jpg,,
meme_701.jpg,,
meme_702.jpg,,
meme_703.jpg,,
meme_704.jpg,,
meme_705.jpg,,
meme_706.jpg,,
meme_707.jpg,,
meme_708.jpg,,
meme_709.jpg,,
meme_71.jpg,,
meme_710.jpg,,
meme_711.jpg,,
meme_712.jpg,,
meme_713.jpg,,
meme_714.jpg,,
meme_715.jpg,,
meme_716.jpg,,
meme_717.jpg,,
meme_718.jpg,,
meme_719.jpg,,
meme_72.jpg,,
meme_720.jpg,,
meme_721.jpg,,
meme_722.jpg,,
meme_723.jpg,,
meme_724.jpg,,
meme_725.jpg,,
meme_726.jpg,,
meme_727.jpg,,
meme_728.jpg,,
meme_729.jpg,,
meme_73.jpg,,
meme_730.jpg,,
meme_731.jpg,,
meme_732.jpg,,
meme_733.jpg,,
meme_734.jpg,,
meme_735.jpg,,
meme_736.jpg,,
meme_737.jpg,,
meme_738.jpg,,
meme_739.jpg,,
meme_74.jpg,,
meme_740.jpg,,
meme_741.jpg,,
meme_742.jpg,,
meme_743.jpg,,
meme_744.jpg,,
meme_745.jpg,,
meme_746.jpg,,
meme_747.jpg,,
meme_748.jpg,,
meme_749.jpg,,
meme_75.jpg,,
meme_750.jpg,,
meme_751.jpg,,
meme_752.jpg,,
meme_753.jpg,,
meme_754.jpg,,
meme_755.jpg,,
meme_756.jpg,,
meme_757.jpg,,
meme_758.jpg,,
meme_759.jpg,,
meme_76.jpg,,
meme_760.jpg,,
meme_761.jpg,,
meme_762.jpg,,
meme_763.jpg,,
meme_764.jpg,,
meme_765.jpg,,
meme_766.jpg,,
meme_767.jpg,,
meme_768.jpg,,
meme_769.jpg,,
meme_77.jpg,,
meme_770.jpg,,
meme_771.jpg,,
meme_772.jpg,,
meme_773.jpg,,
meme_774.jpg,,
meme_775.jpg,,
meme_776.jpg,,
meme_777.jpg,,
meme_778.jpg,,
meme_779.jpg,,
meme_78.jpg,,
meme_780.jpg,,
meme_781.jpg,,
meme_782.jpg,,
meme_783.jpg,,
meme_784.jpg,,
meme_785.jpg,,
meme_786.jpg,,
meme_787.jpg,,
meme_788.jpg,,
meme_789.jpg,,
meme_79.jpg,,
meme_790.jpg,,
meme_791.jpg,,
meme_792.jpg,,
meme_793.jpg,,
meme_794.jpg,,
meme_795.jpg,,
meme_796.jpg,,
meme_797.jpg,,
meme_798.jpg,,
meme_799.jpg,,
meme_8.jpg,,
meme_80.jpg,,
meme_800.jpg,,
meme_801.jpg,,
meme_802.jpg,,
meme_803.jpg,,
meme_804.jpg,,
meme_805.jpg,,
meme_806.jpg,,
meme_807.jpg,,
meme_808.jpg,,
meme_809.jpg,,
meme_81.jpg,,
meme_810.jpg,,
meme_811.jpg,,
meme_812.jpg,,
meme_813.jpg,,
meme_814.jpg,,
meme_815.jpg,,
meme_816.jpg,,
meme_817.jpg,,
meme_818.jpg,,
meme_819.jpg,,
meme_82.jpg,,
meme_820.jpg,,
meme_821.jpg,,
meme_822.jpg,,
meme_823.jpg,,
meme_824.jpg,,
meme_825.jpg,,
meme_826.jpg,,
meme_827.jpg,,
meme_828.jpg,,
meme_829.jpg,,
meme_83.jpg,,
meme_830.jpg,,
meme_831.jpg,,
meme_832.jpg,,
meme_833.jpg,,
meme_834.jpg,,
meme_835.jpg,,
meme_836.jpg,,
meme_837.jpg,,
meme_838.jpg,,
meme_839.jpg,,
meme_84.jpg,,
meme_840.jpg,,
meme_841.jpg,,
meme_842.jpg,,
meme_843.jpg,,
meme_844.jpg,,
meme_845.jpg,,
meme_846.jpg,,
meme_847.jpg,,
meme_848.jpg,,
meme_849.jpg,,
meme_85.jpg,,
meme_850.jpg,,
meme_851.jpg,,
meme_852.jpg,,
meme_853.jpg,,
meme_854.jpg,,
meme_855.jpg,,
meme_856.jpg,,
meme_857.jpg,,
meme_858.jpg,,
meme_859.jpg,,
meme_86.jpg,,
meme_860.jpg,,
meme_861.jpg,,
meme_862.jpg,,
meme_863.jpg,,
meme_864.jpg,,
meme_865.jpg,,
meme_866.jpg,,
meme_867.jpg,,
meme_868.jpg,,
meme_869.jpg,,
meme_87.jpg,,
meme_870.jpg,,
meme_871.jpg,,
meme_872.jpg,,
meme_873.jpg,,
meme_874.jpg,,
meme_875.jpg,,
meme_876.jpg,,
meme_877.jpg,,
meme_878.jpg,,
meme_879.jpg,,
meme_88.jpg,,
meme_880.jpg,,
meme_881.jpg,,
meme_882.jpg,,
meme_883.jpg,,
meme_884.jpg,,
meme_885.jpg,,
meme_886.jpg,,
meme_887.jpg,,
meme_888.jpg,,
meme_889.jpg,,
meme_89.jpg,,
meme_890.jpg,,
meme_891.jpg,,
meme_892.jpg,,
meme_893.jpg,,
meme_894.jpg,,
meme_895.jpg,,
meme_896.jpg,,
meme_897.jpg,,
meme_898.jpg,,
meme_899.jpg,,
meme_9.jpg,,
meme_90.jpg,,
meme_900.jpg,,
meme_901.jpg,,
meme_902.jpg,,
meme_903.jpg,,
meme_904.jpg,,
meme_905.jpg,,
meme_906.jpg,,
meme_907.jpg,,
meme_908.jpg,,
meme_909.jpg,,
meme_91.jpg,,
meme_910.jpg,,
meme_911.jpg,,
meme_912.jpg,,
meme_913.jpg,,
meme_914.jpg,,
meme_915.jpg,,
meme_916.jpg,,
meme_917.jpg,,
meme_918.jpg,,
meme_919.jpg,,
meme_92.jpg,,
meme_920.jpg,,
meme_921.jpg,,
meme_922.jpg,,
meme_923.jpg,,
meme_924.jpg,,
meme_925.jpg,,
meme_926.jpg,,
meme_927.jpg,,
meme_928.jpg,,
meme_929.jpg,,
meme_93.jpg,,
meme_930.jpg,,
meme_931.jpg,,
meme_932.jpg,,
meme_933.jpg,,
meme_934.jpg,,
meme_935.jpg,,
meme_936.jpg,,
meme_937.jpg,,
meme_938.jpg,,
meme_939.jpg,,
meme_94.jpg,,
meme_940.jpg,,
meme_941.jpg,,
meme_942.jpg,,
meme_943.jpg,,
meme_944.jpg,,
meme_945.jpg,,
meme_946.jpg,,
meme_947.jpg,,
meme_948.jpg,,
meme_949.jpg,,
meme_95.jpg,,
meme_950.jpg,,
meme_951.jpg,,
meme_952.jpg,,
meme_953.jpg,,
meme_954.jpg,,
meme_955.jpg,,
meme_956.jpg,,
meme_957.jpg,,
meme_958.jpg,,
meme_959.jpg,,
meme_96.jpg,,
meme_960.jpg,,
meme_961.jpg,,
meme_962.jpg,,
meme_963.jpg,,
meme_964.jpg,,
meme_965.jpg,,
meme_966.jpg,,
meme_967.jpg,,
meme_968.jpg,,
meme_969.jpg,,
meme_97.jpg,,
meme_970.jpg,,
meme_971.jpg,,
meme_972.jpg,,
meme_973.jpg,,
meme_974.jpg,,
meme_975.jpg,,
meme_976.jpg,,
meme_977.jpg,,
meme_978.jpg,,
meme_979.jpg,,
meme_98.jpg,,
meme_980.jpg,,
meme_981.jpg,,
meme_982.jpg,,
meme_983.jpg,,
meme_984.jpg,,
meme_985.jpg,,
meme_986.jpg,,
meme_987.jpg,,
meme_988.jpg,,
meme_989.jpg,,
meme_99.jpg,,
meme_990.jpg,,
meme_991.jpg,,
meme_992.jpg,,
meme_993.jpg,,
meme_994.jpg,,
meme_995.jpg,,
meme_996.jpg,,
meme_997.jpg,,
meme_998.jpg,,
meme_999.jpg,,
